world_cup,match_id,date,home_team,away_team,home_score,away_score,result,logistic_home_win,logistic_draw,logistic_away_win,logistic_prediction,poisson_home_win,poisson_draw,poisson_away_win,poisson_prediction,elo_home_win,elo_draw,elo_away_win,elo_prediction,frequency_home_win,frequency_draw,frequency_away_win,frequency_prediction,poisson_expected_home_goals,poisson_expected_away_goals
2010,R33864,2010-06-11,South Africa,Mexico,1,1,D,0.25539045924563664,0.30153589796639063,0.4430736427879727,A,0.34040722978683846,0.2691863417558824,0.39040642845727924,A,0.3148708181597243,0.25,0.4351291818402756,A,0.48663538053458477,0.23362579065496838,0.27973882881044687,H,1.200669676280489,1.3057379809255811
2010,R33865,2010-06-11,Uruguay,France,0,0,D,0.31200469267755615,0.2479567383774432,0.4400385689450007,A,0.3809701502111782,0.25350683952360525,0.3655230102652165,H,0.3295109642394755,0.25,0.4204890357605244,A,0.48663538053458477,0.23362579065496838,0.27973882881044687,H,1.4098902896205585,1.375906281793145
2010,R33866,2010-06-12,Argentina,Nigeria,1,0,H,0.5860522065287358,0.2127295335080463,0.201218259963218,H,0.5691174264633738,0.22296899260130965,0.20791358093531653,H,0.4937746157319035,0.25,0.2562253842680965,H,0.48663538053458477,0.23362579065496838,0.27973882881044687,H,1.8890457280525705,1.0523036999309052
2010,R33867,2010-06-12,England,United States,1,1,D,0.5833612072446898,0.21344654277149408,0.2031922499838161,H,0.5671822334391496,0.2235179957827523,0.20929977077809786,H,0.4922290995584594,0.25,0.2577709004415406,H,0.48663538053458477,0.23362579065496838,0.27973882881044687,H,1.8834351437336554,1.0551763092921587
2010,R33868,2010-06-12,South Korea,Greece,2,0,H,0.4599079805272049,0.23885757772194863,0.30123444175084635,H,0.4818248564989621,0.24317967272538832,0.27499547077564945,H,0.4206481359710498,0.25,0.3293518640289502,H,0.48663538053458477,0.23362579065496838,0.27973882881044687,H,1.6525671554379069,1.1895273583530326
2010,R33869,2010-06-13,Algeria,Slovenia,0,1,A,0.40967804210765063,0.244799147462858,0.3455228104294914,H,0.44797886202851267,0.2483309090072202,0.303690228964267,H,0.3906752190638843,0.25,0.3593247809361157,H,0.48663538053458477,0.23362579065496838,0.27973882881044687,H,1.5682773922493471,1.2479930660272183
2010,R33870,2010-06-13,Germany,Australia,4,0,H,0.5016602742232584,0.23192903040632862,0.26641069537041295,H,0.5101422378321039,0.23767617862358068,0.2521815835443155,H,0.445088996142066,0.25,0.304911003857934,H,0.48663538053458477,0.23362579065496838,0.27973882881044687,H,1.7259228521331464,1.143107804982137
2010,R33871,2010-06-13,Serbia,Ghana,0,1,A,0.5054881141327261,0.23120692023902698,0.26330496562824696,H,0.5127575037194315,0.23711525502942404,0.2501272412511447,H,0.4473137971715461,0.25,0.3026862028284539,H,0.48663538053458477,0.23362579065496838,0.27973882881044687,H,1.73284406306341,1.1389226232422072
2010,R33872,2010-06-14,Italy,Paraguay,1,1,D,0.5744919344304645,0.2157611967808942,0.20974686878864118,H,0.5608350190948475,0.2252878475992481,0.2138771333059044,H,0.4871340802265939,0.25,0.2628659197734061,H,0.48663538053458477,0.23362579065496838,0.27973882881044687,H,1.8651672322920525,1.0646441547686896
2010,R33873,2010-06-14,Japan,Cameroon,1,0,H,0.34082142586391195,0.24828734659088011,0.410891227545208,A,0.4010842768904125,0.2526984464618586,0.34621727664772883,H,0.3480655914122151,0.25,0.4019344085877849,A,0.48663538053458477,0.23362579065496838,0.27973882881044687,H,1.4564408319231918,1.3355474393132813
2010,R33874,2010-06-14,Netherlands,Denmark,2,0,H,0.6714659447538432,0.18639120725892147,0.14214284798723537,H,0.6334419046244173,0.202301647170338,0.16425644820524488,H,0.5429454789927811,0.25,0.2070545210072188,H,0.48663538053458477,0.23362579065496838,0.27973882881044687,H,2.08801280365071,0.9600236357992068
2010,R33875,2010-06-15,Brazil,North Korea,2,1,H,0.8846537093048001,0.086692759601811,0.028653531093388966,H,0.8449828780033273,0.10383733751730664,0.05117978447936582,H,0.6724248327445078,0.25,0.0775751672554921,H,0.48663538053458477,0.23362579065496838,0.27973882881044687,H,3.080034708055466,0.6722894734037774
2010,R33876,2010-06-15,Ivory Coast,Portugal,0,0,D,0.3232438851095695,0.24822168651334564,0.42853442837708494,A,0.3888643204544121,0.2532695471144599,0.35786613243112786,H,0.3368082019500473,0.25,0.4131917980499526,A,0.48663538053458477,0.23362579065496838,0.27973882881044687,H,1.4280720949468193,1.3598428034768515
2010,R33877,2010-06-15,New Zealand,Slovakia,1,1,D,0.3430175571990782,0.24826658473689223,0.4087158580640296,A,0.4026014916832263,0.25261057576439416,0.3447879325523797,H,0.3494596357959364,0.25,0.4005403642040636,A,0.48663538053458477,0.23362579065496838,0.27973882881044687,H,1.4599831014907971,1.3325773525510238
2010,R33878,2010-06-16,Honduras,Chile,0,1,A,0.22203860285239096,0.23857099890983802,0.539390398237771,A,0.31425699283489433,0.2510391670648845,0.43470384010022123,A,0.2674570314927813,0.25,0.4825429685072186,A,0.48663538053458477,0.23362579065496838,0.27973882881044687,H,1.2597576958628647,1.5254714965927079
2010,R33879,2010-06-16,South Africa,Uruguay,0,3,A,0.2895069362348912,0.3039809449437762,0.4065121188213325,A,0.3652688970899255,0.2694905165208995,0.3652405863891753,H,0.3397095416333638,0.25,0.4102904583666361,A,0.48663538053458477,0.23362579065496838,0.27973882881044687,H,1.2544235817823317,1.254364093751863
2010,R33880,2010-06-16,Spain,Switzerland,0,1,A,0.8506032058672662,0.10652469222595555,0.0428721019067783,H,0.802862289139413,0.12703831343448999,0.07009939742609694,H,0.650537280847649,0.25,0.099462719152351,H,0.48663538053458477,0.23362579065496838,0.27973882881044687,H,2.810538263419212,0.7311423002669044
2010,R33881,2010-06-17,Argentina,South Korea,4,1,H,0.6184528106997224,0.20355811606744378,0.17798907323283394,H,0.5928020159191614,0.2158993786144817,0.1912986054663569,H,0.5123841130571407,0.25,0.2376158869428593,H,0.48663538053458477,0.23362579065496838,0.27973882881044687,H,1.9593549622644983,1.0176434976090818
2010,R33882,2010-06-17,France,Mexico,0,2,A,0.4189677451342053,0.24390541200409893,0.33712684286169575,H,0.45424075950866405,0.24749939607858623,0.2982598444127497,H,0.396276626928071,0.25,0.353723373071929,H,0.48663538053458477,0.23362579065496838,0.27973882881044687,H,1.583621887745176,1.2369058739314271
2010,R33883,2010-06-17,Greece,Nigeria,2,1,H,0.2747463578342432,0.2457384512697848,0.4795151908959719,A,0.35422556463482113,0.253510050161276,0.3922643852039029,A,0.3046823486419306,0.25,0.4453176513580694,A,0.48663538053458477,0.23362579065496838,0.27973882881044687,H,1.3490343226270938,1.4326862777692866
2010,R33884,2010-06-18,England,Algeria,0,0,D,0.788672321300021,0.13834670732707968,0.0729809713728995,H,0.7364183622871523,0.16001582028551375,0.1035658174273338,H,0.6121782533673341,0.25,0.1378217466326658,H,0.48663538053458477,0.23362579065496838,0.27973882881044687,H,2.4782848306586605,0.820498600596421
2010,R33885,2010-06-18,Germany,Serbia,0,1,A,0.5818536130294119,0.21384524107165442,0.20430114589893364,H,0.5661000188710057,0.22382310448224169,0.21007687664675267,H,0.4913631879236185,0.25,0.2586368120763814,H,0.48663538053458477,0.23362579065496838,0.27973882881044687,H,1.8803059600994825,1.0567855811279974
2010,R33887,2010-06-18,Slovenia,United States,2,2,D,0.16782231728703395,0.2249155421439893,0.6072621405689768,A,0.26898132484477594,0.24420431985755384,0.4868143552976702,A,0.2255373961615324,0.25,0.5244626038384675,A,0.48663538053458477,0.23362579065496838,0.27973882881044687,H,1.1599877081162742,1.6453018538548603
2010,R33888,2010-06-19,Cameroon,Denmark,1,2,A,0.37288521964195176,0.24737432025039008,0.37974046010765816,A,0.4230668703411481,0.2510693096172128,0.3258638200416392,H,0.3681716079618759,0.25,0.3818283920381241,A,0.48663538053458477,0.23362579065496838,0.27973882881044687,H,1.5082334427903377,1.2934533978958935
2010,R33890,2010-06-19,Ghana,Australia,1,1,D,0.26329432815857345,0.244610881006865,0.49209479083456154,A,0.34578763964826176,0.25324402412378444,0.4009683362279538,A,0.2968266187521555,0.25,0.4531733812478445,A,0.48663538053458477,0.23362579065496838,0.27973882881044687,H,1.3300422165875514,1.4514247054555773
2010,R33891,2010-06-19,Netherlands,Japan,1,0,H,0.7016858630258762,0.17537752638112228,0.1229366105930014,H,0.6579581699097586,0.1932327405306879,0.14880908955955352,H,0.5605108045939863,0.25,0.1894891954060137,H,0.48663538053458477,0.23362579065496838,0.27973882881044687,H,2.171433110263465,0.9261668964326603
2010,R33894,2010-06-20,Brazil,Ivory Coast,3,1,H,0.7212121490922476,0.1677709684485479,0.11101688245920455,H,0.6744442826425252,0.18677780621225348,0.13877791114522142,H,0.5719451012898068,0.25,0.1780548987101932,H,0.48663538053458477,0.23362579065496838,0.27973882881044687,H,2.2304182879370855,0.9036938614589474
2010,R33895,2010-06-20,Italy,New Zealand,1,1,D,0.7570993820917603,0.1527460087245457,0.09015460918369399,H,0.7063263675060996,0.17349776510897874,0.1201758673849218,H,0.5931863482664962,0.25,0.1568136517335037,H,0.48663538053458477,0.23362579065496838,0.27973882881044687,H,2.352191205015773,0.8607217086745625
2010,R33897,2010-06-20,Slovakia,Paraguay,0,2,A,0.21524882088352776,0.2372497967286009,0.5475013823878713,A,0.3088627795586012,0.250461296017908,0.44067592442349063,A,0.2624390831683483,0.25,0.4875609168316516,A,0.48663538053458477,0.23362579065496838,0.27973882881044687,H,1.2478199195929611,1.5388415986527437
2010,R33899,2010-06-21,Chile,Switzerland,1,0,H,0.5647310355869838,0.21822237969097652,0.21704658472203964,H,0.5539017008833149,0.2271667510051517,0.21893154811153326,H,0.4815237597820044,0.25,0.2684762402179955,H,0.48663538053458477,0.23362579065496838,0.27973882881044687,H,1.845441118933489,1.0750693621053025
2010,R33900,2010-06-21,Portugal,North Korea,7,0,H,0.7308450078134411,0.16387294488570878,0.10528204730085,H,0.6827883795022007,0.18340306758932254,0.13380855290847696,H,0.57761553939982,0.25,0.17238446060018,H,0.48663538053458477,0.23362579065496838,0.27973882881044687,H,2.261253595774793,0.8923932805321275
2010,R33901,2010-06-21,Spain,Honduras,2,0,H,0.8346609789639807,0.11520630645155823,0.050132714584461044,H,0.7846447238752781,0.1365184115061025,0.0788368646186194,H,0.6404999112960296,0.25,0.1095000887039704,H,0.48663538053458477,0.23362579065496838,0.27973882881044687,H,2.7103067325395176,0.7558855974656865
2010,R33902,2010-06-22,Greece,Argentina,0,2,A,0.12640562743952705,0.20850345023545996,0.6650909223250131,A,0.2297036652755009,0.23423570820801493,0.5360606265164841,A,0.1898003507028,0.25,0.5601996492971999,A,0.48663538053458477,0.23362579065496838,0.27973882881044687,H,1.073461443410536,1.7664498095894217
2010,R33903,2010-06-22,Mexico,Uruguay,0,1,A,0.4224914994274835,0.24354153593972672,0.3339669646327899,H,0.456614613634402,0.24716949885751124,0.2962158875080869,H,0.3983937973535438,0.25,0.3516062026464562,H,0.48663538053458477,0.23362579065496838,0.27973882881044687,H,1.5894671631678077,1.232736327211081
2010,R33904,2010-06-22,Nigeria,South Korea,2,2,D,0.38451940493592585,0.24673054033386305,0.36875005473021116,H,0.43097062634743283,0.2503008140397519,0.3187285596128151,H,0.3753468581718688,0.25,0.3746531418281312,H,0.48663538053458477,0.23362579065496838,0.27973882881044687,H,1.5271180940635938,1.2787862957868021
2010,R33905,2010-06-22,South Africa,France,2,1,H,0.23473454695394044,0.29881943644704245,0.466446016599017,A,0.32482923850205736,0.26836838563752147,0.4068023758604213,A,0.2991959352667622,0.25,0.4508040647332378,A,0.48663538053458477,0.23362579065496838,0.27973882881044687,H,1.167390580166056,1.3398126331910925
2010,R33906,2010-06-23,Australia,Serbia,2,1,H,0.4093115985654649,0.24483243745887054,0.34585596397566454,H,0.4477317125924878,0.24836256894338193,0.3039057184641302,H,0.390453654618598,0.25,0.3595463453814019,H,0.48663538053458477,0.23362579065496838,0.27973882881044687,H,1.5676739426238124,1.2484333394655966
2010,R33907,2010-06-23,Ghana,Germany,0,1,A,0.17493661875375371,0.22715000512638375,0.5979133761198625,A,0.27525098262619524,0.24543067342094477,0.4793183439528601,A,0.2313072240867359,0.25,0.518692775913264,A,0.48663538053458477,0.23362579065496838,0.27973882881044687,H,1.1737680014077776,1.627589857234766
2010,R33908,2010-06-23,Slovenia,England,0,1,A,0.0849697931000306,0.18408899134476586,0.7309412155552035,A,0.18336825361004352,0.21664724967911986,0.5999844967108368,A,0.148908044067364,0.25,0.601091955932636,A,0.48663538053458477,0.23362579065496838,0.27973882881044687,H,0.9695641939313318,1.93918666358454
2010,R33909,2010-06-23,United States,Algeria,1,0,H,0.6331041405087143,0.19908355529568142,0.16781230419560433,H,0.6037743700824989,0.21240819378668716,0.18381743613081397,H,0.5208091175405928,0.25,0.2291908824594072,H,0.48663538053458477,0.23362579065496838,0.27973882881044687,H,1.9930278826788843,1.001874532077672
2010,R33910,2010-06-24,Cameroon,Netherlands,1,2,A,0.11631910066684813,0.20344709821049914,0.6802338011226526,A,0.2192295533696195,0.2308557976815171,0.5499146489488634,A,0.1804187281192347,0.25,0.5695812718807653,A,0.48663538053458477,0.23362579065496838,0.27973882881044687,H,1.0502278471172775,1.8022320955970823
2010,R33911,2010-06-24,Denmark,Japan,1,3,A,0.4279714800175282,0.242948773639433,0.32907974634303877,H,0.4603054035656071,0.2466407008229433,0.2930538956114495,H,0.4016784339331817,0.25,0.3483215660668183,H,0.48663538053458477,0.23362579065496838,0.27973882881044687,H,1.5985868008533848,1.2262894825421942
2010,R33912,2010-06-24,Paraguay,New Zealand,0,0,D,0.6145885592347732,0.20470422027885984,0.180707220486367,H,0.5899371224229479,0.21678861298027746,0.19327426459677458,H,0.5101636263310433,0.25,0.2398363736689567,H,0.48663538053458477,0.23362579065496838,0.27973882881044687,H,1.9506820987884639,1.021789439284916
2010,R33913,2010-06-24,Slovakia,Italy,3,2,H,0.10802256324233656,0.19890388409651386,0.6930735526611497,A,0.21027076823818147,0.22770127768373205,0.5620279540780864,A,0.1724539184519821,0.25,0.5775460815480179,A,0.48663538053458477,0.23362579065496838,0.27973882881044687,H,1.030261375363671,1.8342171825013316
2010,R33914,2010-06-25,Chile,Spain,1,2,A,0.12837398313295306,0.20943504227408247,0.6621909745929645,A,0.23169905037535,0.2348432045855585,0.5334577450390914,A,0.1915956054620269,0.25,0.558404394537973,A,0.48663538053458477,0.23362579065496838,0.27973882881044687,H,1.0778764309272606,1.7598174481090174
2010,R33915,2010-06-25,North Korea,Ivory Coast,0,3,A,0.13708116481532434,0.2133559257905047,0.649562909394171,A,0.24035207096284478,0.2373471693352885,0.5223007597018667,A,0.1994084677758398,0.25,0.5505915322241601,A,0.48663538053458477,0.23362579065496838,0.27973882881044687,H,1.0969886029203093,1.731696798385767
2010,R33916,2010-06-25,Portugal,Brazil,0,0,D,0.14390242168742554,0.21621291926148106,0.6398846590510935,A,0.24694700201326497,0.23911683147747084,0.5139361665092641,A,0.2053916013010065,0.25,0.5446083986989934,A,0.48663538053458477,0.23362579065496838,0.27973882881044687,H,1.1115250458183528,1.7109294547942226
2010,R33917,2010-06-25,Switzerland,Honduras,0,0,D,0.40348780949632745,0.24534129511970187,0.3511708953839706,H,0.4438020086696894,0.2488540527548564,0.3073439385754543,H,0.3869259443868901,0.25,0.3630740556131099,H,0.48663538053458477,0.23362579065496838,0.27973882881044687,H,1.5581008016693694,1.2554615554100632
2010,R33919,2010-06-26,Uruguay,South Korea,2,1,H,0.4716238087711636,0.23709078808151085,0.29128540314732554,H,0.48973988799960266,0.24174795843930494,0.26851215356109226,H,0.4275422418663182,0.25,0.3224577581336817,H,0.48663538053458477,0.23362579065496838,0.27973882881044687,H,1.6727906191897628,1.1763405249976577
2010,R33920,2010-06-26,United States,Ghana,1,2,A,0.5116709150091473,0.2300102309340528,0.25831885405679983,H,0.5169905972055502,0.23618886649068185,0.246820536303768,H,0.4509026809910232,0.25,0.2990973190089767,H,0.48663538053458477,0.23362579065496838,0.27973882881044687,H,1.7441026524307108,1.132182691936603
2010,R33921,2010-06-27,Argentina,Mexico,3,1,H,0.5651986664512121,0.2181065292116168,0.21669480433717114,H,0.5542326839731688,0.22707835459882322,0.21868896142800806,H,0.4817926381185582,0.25,0.2682073618814418,H,0.48663538053458477,0.23362579065496838,0.27973882881044687,H,1.8463775035494423,1.0745696596749927
2010,R33922,2010-06-27,Germany,England,4,1,H,0.3487530116126441,0.24818275988488753,0.40306422850246837,A,0.40655492281599376,0.2523642652749593,0.34108081190904704,H,0.3530879955493741,0.25,0.3969120044506258,A,0.48663538053458477,0.23362579065496838,0.27973882881044687,H,1.4692349580800097,1.3248846932201686
2010,R33923,2010-06-28,Brazil,Chile,3,0,H,0.6940476964689186,0.17824735896632204,0.1277049445647593,H,0.6516535319572437,0.19562588980840945,0.15272057823434682,H,0.5560574975747405,0.25,0.1939425024252594,H,0.48663538053458477,0.23362579065496838,0.27973882881044687,H,2.1495128891392925,0.9348194017144528
2010,R33924,2010-06-28,Netherlands,Slovakia,2,1,H,0.8120189227068599,0.12693730976127135,0.061043767531868694,H,0.760167099891587,0.1487345760602792,0.0910983240481336,H,0.6264470491045566,0.25,0.1235529508954433,H,0.48663538053458477,0.23362579065496838,0.27973882881044687,H,2.587239718935003,0.7887741090727772
2010,R33925,2010-06-29,Paraguay,Japan,0,0,D,0.4072787200524804,0.24501438885520868,0.34770689109231084,H,0.44636039488052887,0.24853662742101051,0.30510297769846056,H,0.3892236415234171,0.25,0.3607763584765828,H,0.48663538053458477,0.23362579065496838,0.27973882881044687,H,1.5643286397428868,1.2508799569125535
2010,R33926,2010-06-29,Spain,Portugal,1,0,H,0.6802567270283919,0.1832809638720933,0.1364623090995148,H,0.6404588553226118,0.19977142816359075,0.1597697165137975,H,0.5480410070223216,0.25,0.2019589929776784,H,0.48663538053458477,0.23362579065496838,0.27973882881044687,H,2.111400035119347,0.9502732044823343
2010,R33929,2010-07-02,Netherlands,Brazil,2,1,H,0.29028145073740325,0.2469236379714025,0.46279491129119416,A,0.365496939663465,0.2536626698539434,0.38084039048259155,A,0.3151625520179891,0.25,0.4348374479820108,A,0.48663538053458477,0.23362579065496838,0.27973882881044687,H,1.3745515785006632,1.4082916167046664
2010,R33930,2010-07-02,Uruguay,Ghana,1,1,D,0.5592888603037358,0.2195553462339635,0.2211557934623006,H,0.5500581861455932,0.2281836596152546,0.22175815423915216,H,0.4783937741933025,0.25,0.2716062258066974,H,0.48663538053458477,0.23362579065496838,0.27973882881044687,H,1.8346056068409686,1.0808872901131816
2010,R33931,2010-07-03,Argentina,Germany,0,4,A,0.46966763748758733,0.2373955279815996,0.2929368345308132,H,0.48841704407007847,0.24199307498610112,0.2695898809438205,H,0.4263932929180143,0.25,0.3236067070819857,H,0.48663538053458477,0.23362579065496838,0.27973882881044687,H,1.6693961170346623,1.1785325470254326
2010,R33932,2010-07-03,Paraguay,Spain,0,1,A,0.07884809348936848,0.1795017745021632,0.7416501320084683,A,0.17561406563482163,0.2129842937466532,0.6114016406185253,A,0.1422354530252904,0.25,0.6077645469747097,A,0.48663538053458477,0.23362579065496838,0.27973882881044687,H,0.9517970823207668,1.9723369853055381
2010,R33934,2010-07-06,Uruguay,Netherlands,2,3,A,0.18554757831293606,0.23021311773312494,0.5842393039539391,A,0.2843946795526997,0.24705195761700263,0.46855336283029747,A,0.2397464450662829,0.25,0.5102535549337172,A,0.48663538053458477,0.23362579065496838,0.27973882881044687,H,1.1938739762662791,1.6024506974192314
2010,R33935,2010-07-07,Germany,Spain,0,1,A,0.1922959756475598,0.23200302220255958,0.5757010021498807,A,0.2900912420000607,0.2479643424748008,0.46194441552513843,A,0.2450169934036214,0.25,0.5049830065963785,A,0.48663538053458477,0.23362579065496838,0.27973882881044687,H,1.2064104576292083,1.5871825501084385
2010,R33938,2010-07-10,Uruguay,Germany,2,3,A,0.2733646137828627,0.24561410057853106,0.48102128563860624,A,0.3532136144761661,0.25348508544672427,0.3933013000771097,A,0.3037405890485638,0.25,0.4462594109514361,A,0.48663538053458477,0.23362579065496838,0.27973882881044687,H,1.346751844849089,1.4349114896850106
2010,R33939,2010-07-11,Netherlands,Spain,0,1,A,0.2815117410386437,0.24630213094295955,0.47218612801839666,A,0.3591574560733436,0.2536049982548341,0.3872375456718222,A,0.3092703464329309,0.25,0.4407296535670691,A,0.48663538053458477,0.23362579065496838,0.27973882881044687,H,1.3601778755643494,1.42192509392694
2014,R37861,2014-06-12,Brazil,Croatia,3,1,H,0.767221486187642,0.17028531976226424,0.062493194050093764,H,0.7135887315738023,0.1784149136224401,0.10799635480375766,H,0.6274926243478787,0.25,0.1225073756521213,H,0.4843829262990072,0.2353069062975578,0.280310167403435,H,2.219917806801781,0.7303036942295742
2014,R37862,2014-06-13,Chile,Australia,3,1,H,0.5330481844301763,0.23682148941385855,0.23013032615596501,H,0.5270788093408806,0.23429132902450142,0.23862986163461794,H,0.464678508509289,0.25,0.2853214914907109,H,0.4843829262990072,0.2353069062975578,0.280310167403435,H,1.7665609061582455,1.1116324404244589
2014,R37863,2014-06-13,Mexico,Cameroon,1,0,H,0.5064538104449433,0.24240011362822828,0.25114607592682836,H,0.508517555658724,0.2383742372531893,0.25310820708808657,H,0.4488745316763526,0.25,0.3011254683236473,H,0.4843829262990072,0.2353069062975578,0.280310167403435,H,1.7177108545383186,1.1416866424513887
2014,R37864,2014-06-13,Spain,Netherlands,1,5,A,0.608086806641769,0.2171185715547923,0.17479462180343877,H,0.5813688861808399,0.21990549409687715,0.19872561972228295,H,0.5089822068315919,0.25,0.2410177931684081,H,0.4843829262990072,0.2353069062975578,0.280310167403435,H,1.9181233299250966,1.0279062219142128
2014,R37865,2014-06-14,Colombia,Greece,3,0,H,0.4637472861869132,0.249776006183597,0.28647670762948985,H,0.47915794208860246,0.2439127145865646,0.2769293433248329,H,0.4232686083233605,0.25,0.3267313916766394,H,0.4843829262990072,0.2353069062975578,0.280310167403435,H,1.6430072566373508,1.191015645792185
2014,R37866,2014-06-14,England,Italy,1,2,A,0.4810336772260558,0.24702914496654196,0.2719371778074023,H,0.49099058651516125,0.2418190871576863,0.26719032632715256,H,0.4336734970617029,0.25,0.3163265029382971,H,0.4843829262990072,0.2353069062975578,0.280310167403435,H,1.6727605979030447,1.1708535638122108
2014,R37867,2014-06-14,Ivory Coast,Japan,2,1,H,0.41691350350907413,0.25552666216309194,0.32755983432783387,H,0.44727540093977325,0.24858587286694672,0.30413872619328014,H,0.3947181945558789,0.25,0.3552818054441211,H,0.4843829262990072,0.2353069062975578,0.280310167403435,H,1.5649643527981827,1.2474514530806806
2014,R37868,2014-06-14,Uruguay,Costa Rica,1,3,A,0.6614835313301617,0.19955636532306456,0.13896010334677378,H,0.6225753951135188,0.2066860484066086,0.1707385564798726,H,0.5405127745245963,0.25,0.2094872254754037,H,0.4843829262990072,0.2353069062975578,0.280310167403435,H,2.0437971950525196,0.9676847481096619
2014,R37869,2014-06-15,Argentina,Bosnia and Herzegovina,2,1,H,0.7466072216994858,0.1652512812133621,0.0881414970871522,H,0.695308217997159,0.1788210399712834,0.1258707420315574,H,0.591383689906637,0.25,0.158616310093363,H,0.4843829262990072,0.2353069062975578,0.280310167403435,H,2.2966136553441756,0.86606279493693
2014,R37870,2014-06-15,France,Honduras,3,0,H,0.662991975487821,0.19901696041533584,0.1379910640968432,H,0.6237805453828305,0.20627077247942358,0.16994868213774583,H,0.5414061336068466,0.25,0.2085938663931533,H,0.4843829262990072,0.2353069062975578,0.280310167403435,H,2.0476373026563732,0.965958230979466
2014,R37871,2014-06-15,Switzerland,Ecuador,2,1,H,0.37928893831723376,0.2582591770890207,0.3624518845937455,H,0.4216326227746664,0.25127004889444016,0.32709732833089356,H,0.3712855117528655,0.25,0.3787144882471344,A,0.4843829262990072,0.2353069062975578,0.280310167403435,H,1.5041656885585435,1.2953726055491
2014,R37872,2014-06-16,Germany,Portugal,4,0,H,0.5218324634391414,0.23926496863882094,0.23890256792203762,H,0.5192181921493608,0.23607413405991037,0.24470767379072866,H,0.4580238669660702,0.25,0.2919761330339298,H,0.4843829262990072,0.2353069062975578,0.280310167403435,H,1.7457084462240846,1.124260825950857
2014,R37873,2014-06-16,Ghana,United States,1,2,A,0.27697939471082206,0.2559146090922155,0.46710599619696236,A,0.34974408649603317,0.2531517190729946,0.3971041944309721,A,0.3041168470210908,0.25,0.4458831529789092,A,0.4843829262990072,0.2353069062975578,0.280310167403435,H,1.3408280044248695,1.4450640615608272
2014,R37874,2014-06-16,Iran,Nigeria,0,0,D,0.37260838126008694,0.2585583076110626,0.3688333111288505,H,0.41705798473210715,0.2516436118611136,0.3312984034067793,H,0.3670678903163811,0.25,0.3829321096836189,A,0.4843829262990072,0.2353069062975578,0.280310167403435,H,1.4934817911866132,1.304186662342544
2014,R37875,2014-06-17,Belgium,Algeria,2,1,H,0.5464597383617685,0.23372716144007033,0.21981310019816128,H,0.5365501580613506,0.2320400058947767,0.23140983604387266,H,0.4726196097687205,0.25,0.2773803902312795,H,0.4843829262990072,0.2353069062975578,0.280310167403435,H,1.7920241111103699,1.0966007385926293
2014,R37876,2014-06-17,Brazil,Mexico,0,0,D,0.7899612329237219,0.15739896840574727,0.05263979867053088,H,0.7360744226849273,0.16761845821149896,0.09630711910357379,H,0.6400782314908887,0.25,0.1099217685091112,H,0.4843829262990072,0.2353069062975578,0.280310167403435,H,2.311981807358794,0.7026111776188316
2014,R37877,2014-06-17,Russia,South Korea,1,1,D,0.5341544698201158,0.23657333847790196,0.2292721917019822,H,0.5278570021034308,0.23411058681888736,0.23803241107768197,H,0.4653341814639425,0.25,0.2846658185360574,H,0.4843829262990072,0.2353069062975578,0.280310167403435,H,1.7686388981252181,1.1103899154507784
2014,R37878,2014-06-18,Australia,Netherlands,2,3,A,0.15620429247119683,0.22781346385039744,0.6159822436784058,A,0.25254654575890245,0.23980177645525227,0.5076516777858453,A,0.2129183143852273,0.25,0.5370816856147727,A,0.4843829262990072,0.2353069062975578,0.280310167403435,H,1.1290592130318462,1.701802706803757
2014,R37879,2014-06-18,Cameroon,Croatia,0,4,A,0.227364993118648,0.24849695774004318,0.5241380491413088,A,0.3123140847191298,0.2504236508799981,0.43726226440087224,A,0.2688000677010587,0.25,0.4811999322989413,A,0.4843829262990072,0.2353069062975578,0.280310167403435,H,1.2586364207911807,1.5346965371712546
2014,R37881,2014-06-18,Spain,Chile,0,2,A,0.6597825909003436,0.20016172332565352,0.14005568577400296,H,0.6212194616249747,0.20715136510796106,0.17162917326706417,H,0.5395056513203277,0.25,0.2104943486796723,H,0.4843829262990072,0.2353069062975578,0.280310167403435,H,2.0394886756338524,0.9696294146202324
2014,R37882,2014-06-19,Colombia,Ivory Coast,2,1,H,0.4173443320958429,0.25548537258397963,0.32717029532017744,H,0.4475683598478629,0.2485495494380397,0.3038820907140971,H,0.3949836676002294,0.25,0.3550163323997706,H,0.4843829262990072,0.2353069062975578,0.280310167403435,H,1.5656684706126742,1.2469177487436196
2014,R37883,2014-06-19,Japan,Greece,0,0,D,0.39663778089884594,0.25721664203281935,0.3461455770683348,H,0.4334760981993012,0.2501532796021746,0.3163706221985242,H,0.3821544835312448,0.25,0.3678455164687552,H,0.4843829262990072,0.2353069062975578,0.280310167403435,H,1.5320475740601376,1.2729355965279434
2014,R37884,2014-06-19,Uruguay,England,2,1,H,0.3582724851824949,0.25900251225825316,0.382725002559252,A,0.40720607586498275,0.25233649466567787,0.34045742946933916,H,0.3579513239375653,0.25,0.3920486760624347,A,0.4843829262990072,0.2353069062975578,0.280310167403435,H,1.470626100387984,1.3234616987115297
2014,R37885,2014-06-20,Honduras,Ecuador,1,2,A,0.2442081872252566,0.2515608957035423,0.504230917071201,A,0.32530687319702833,0.25168576798526654,0.42300735881770524,A,0.2810555458842073,0.25,0.4689444541157926,A,0.4843829262990072,0.2353069062975578,0.280310167403435,H,1.2870171987134285,1.5024840610761474
2014,R37886,2014-06-20,Italy,Costa Rica,0,1,A,0.5921074646444392,0.22180060478212235,0.1860919305734385,H,0.5695099405616535,0.22334921506575758,0.207140844372589,H,0.4995630480305372,0.25,0.2504369519694628,H,0.4843829262990072,0.2353069062975578,0.280310167403435,H,1.8837865395974471,1.0457224923803012
2014,R37887,2014-06-20,Switzerland,France,2,5,A,0.27000355238996926,0.2551545898049465,0.4748418578050842,A,0.3446232554350419,0.2529394938668365,0.40243725069812153,A,0.2992864496564566,0.25,0.4507135503435434,A,0.4843829262990072,0.2353069062975578,0.280310167403435,H,1.3294976500097953,1.4567773810962275
2014,R37888,2014-06-21,Argentina,Iran,1,0,H,0.7139089656412191,0.17937782152241258,0.10671321283636827,H,0.6661092237093371,0.1906834576823741,0.14320731860828878,H,0.571712202031968,0.25,0.1782877979680319,H,0.4843829262990072,0.2353069062975578,0.280310167403435,H,2.1895126509039704,0.9063172104655588
2014,R37889,2014-06-21,Germany,Ghana,2,2,D,0.7062112612926245,0.18252804429510208,0.11126069441227353,H,0.6594847641649807,0.1932498888853231,0.1472653469496962,H,0.567108170702895,0.25,0.1828918292971049,H,0.4843829262990072,0.2353069062975578,0.280310167403435,H,2.166341688427519,0.9155367978468731
2014,R37891,2014-06-21,Nigeria,Bosnia and Herzegovina,1,0,H,0.4577737386636958,0.2506483888476015,0.29157787248870276,H,0.47508083143425794,0.24458987092889875,0.28032929763684333,H,0.4196582393323252,0.25,0.3303417606676747,H,0.4843829262990072,0.2353069062975578,0.280310167403435,H,1.6328594303060404,1.1980561365882545
2014,R37892,2014-06-22,Belgium,Russia,1,0,H,0.34810694676352777,0.2591498546841819,0.39274319855229034,A,0.40018490932951717,0.25273565447476926,0.3470794361957134,H,0.3514284849631961,0.25,0.3985715150368039,A,0.4843829262990072,0.2353069062975578,0.280310167403435,H,1.4544590152453472,1.3374527823379918
2014,R37894,2014-06-22,South Korea,Algeria,2,4,A,0.47027140569427694,0.24877793689371405,0.28095065741200903,H,0.48361720060723,0.24314600873444392,0.2732367906583259,H,0.4272027680692099,0.25,0.3227972319307901,H,0.4843829262990072,0.2353069062975578,0.280310167403435,H,1.6541665095235545,1.1833707488697358
2014,R37895,2014-06-22,United States,Portugal,2,2,D,0.3510472628571801,0.2591217985796218,0.3898309385631982,A,0.4022191136774578,0.25262820921254736,0.34515267710999487,H,0.3533203816654771,0.25,0.3966796183345229,A,0.4843829262990072,0.2353069062975578,0.280310167403435,H,1.4591329713753796,1.33337683171748
2014,R37896,2014-06-23,Australia,Spain,0,3,A,0.08000336437694468,0.18395155645034558,0.7360450791727097,A,0.17190711197099795,0.20999737193893667,0.6180955160900652,A,0.1406192285196683,0.25,0.6093807714803317,A,0.4843829262990072,0.2353069062975578,0.280310167403435,H,0.9511739945920975,2.003278980378144
2014,R37897,2014-06-23,Brazil,Cameroon,4,1,H,0.8601959168126022,0.11328014831474985,0.026523934872647852,H,0.8145061070211583,0.12595730708190297,0.059536585896938755,H,0.6787500056331504,0.25,0.0712499943668497,H,0.4843829262990072,0.2353069062975578,0.280310167403435,H,2.702163890943868,0.6057378602829367
2014,R37898,2014-06-23,Croatia,Mexico,1,3,A,0.41265685626658327,0.25592269372790644,0.3314204500055103,H,0.44438057433863315,0.24893803868642464,0.30668138697494196,H,0.3920920826219884,0.25,0.3579079173780116,H,0.4843829262990072,0.2353069062975578,0.280310167403435,H,1.5580188218200495,1.2527412153107318
2014,R37899,2014-06-23,Netherlands,Chile,2,0,H,0.47623640064450473,0.24782433797388448,0.2759392613816108,H,0.4877010054357388,0.24242014573158213,0.2698788488326791,H,0.4307920023657431,0.25,0.3192079976342568,H,0.4843829262990072,0.2353069062975578,0.280310167403435,H,1.6644427344203416,1.1764192609951178
2014,R37900,2014-06-24,Costa Rica,England,0,0,D,0.19318828372543556,0.24029217891431795,0.5665195373602465,A,0.28476591793608275,0.24655835198738218,0.46867573007653496,A,0.2429040883185343,0.25,0.5070959116814655,A,0.4843829262990072,0.2353069062975578,0.280310167403435,H,1.1988090961395428,1.6074711651289986
2014,R37901,2014-06-24,Greece,Ivory Coast,2,1,H,0.32774012617836984,0.2590096895408481,0.41325018428078214,A,0.3860065693252618,0.253295422471551,0.36069800820318737,H,0.3381995219254918,0.25,0.4118004780745081,A,0.4843829262990072,0.2353069062975578,0.280310167403435,H,1.422097842878817,1.3663903021811281
2014,R37902,2014-06-24,Italy,Uruguay,0,1,A,0.318903489174758,0.2587613477647873,0.42233516306045477,A,0.37979966751580074,0.25343438120822925,0.3667659512759699,H,0.3323874464854654,0.25,0.4176125535145345,A,0.4843829262990072,0.2353069062975578,0.280310167403435,H,1.4080433365563396,1.3793619749401225
2014,R37903,2014-06-24,Japan,Colombia,1,4,A,0.278563359894121,0.2560752151179801,0.465361424987899,A,0.35090140626428395,0.2531928824655159,0.39590571127020024,A,0.3052081843896005,0.25,0.4447918156103995,A,0.4843829262990072,0.2353069062975578,0.280310167403435,H,1.3433931137238384,1.4424390159588731
2014,R37904,2014-06-25,Bosnia and Herzegovina,Iran,3,1,H,0.3204393513861979,0.25881288599897306,0.4207477626148291,A,0.3808811592430906,0.25341489425686864,0.3657039465000407,H,0.3334009544358191,0.25,0.4165990455641808,A,0.4843829262990072,0.2353069062975578,0.280310167403435,H,1.4104875226708928,1.3770879857313343
2014,R37905,2014-06-25,Ecuador,France,0,0,D,0.24500200428376956,0.2516907591511161,0.5033072365651143,A,0.3259112132106634,0.25173611434263343,0.4223526724467033,A,0.2816258907162878,0.25,0.4683741092837121,A,0.4843829262990072,0.2353069062975578,0.280310167403435,H,1.2883406926778056,1.5010156800134375
2014,R37906,2014-06-25,Honduras,Switzerland,0,3,A,0.22195681518492177,0.24738320621184406,0.5306599786032342,A,0.3080680923536786,0.24993528666940387,0.4419966209769176,A,0.2647990582652804,0.25,0.4852009417347195,A,0.4843829262990072,0.2353069062975578,0.280310167403435,H,1.249388804411997,1.5455010069801862
2014,R37908,2014-06-25,Nigeria,Argentina,2,3,A,0.12669414329068468,0.2144022077461133,0.6589036489632021,A,0.22426227387161451,0.23164137433958898,0.5440963517887965,A,0.187021221398476,0.25,0.5629787786015239,A,0.4843829262990072,0.2353069062975578,0.280310167403435,H,1.0675633263096276,1.7949330105420778
2014,R37909,2014-06-26,Algeria,Russia,1,1,D,0.21929505634405957,0.2468108195252063,0.5338941241307341,A,0.30596400349456193,0.2496791259102865,0.4443568705951516,A,0.2628173769575967,0.25,0.4871826230424033,A,0.4843829262990072,0.2353069062975578,0.280310167403435,H,1.2448104787605594,1.5509080609568389
2014,R37910,2014-06-26,South Korea,Belgium,0,1,A,0.2559417375836156,0.25335313709613944,0.4907051253202449,A,0.3341727798570628,0.2523515600826972,0.41347566006024006,A,0.2894237401669659,0.25,0.4605762598330341,A,0.4843829262990072,0.2353069062975578,0.280310167403435,H,1.3064676073354,1.4811965481521454
2014,R37911,2014-06-26,Portugal,Ghana,2,1,H,0.5541338840714114,0.23187252624938265,0.213993589679206,H,0.5420085526046644,0.23069194927352848,0.22729949812180716,H,0.47715687627012,0.25,0.2728431237298799,H,0.4843829262990072,0.2353069062975578,0.280310167403435,H,1.8068733700408026,1.088025632371025
2014,R37912,2014-06-26,United States,Germany,0,1,A,0.21800563338228807,0.24652769548665085,0.5354666711310611,A,0.3049412278795278,0.2495511930986268,0.44550757902184535,A,0.2618543682033501,0.25,0.4881456317966498,A,0.4843829262990072,0.2353069062975578,0.280310167403435,H,1.2425859726227566,1.553549259812258
2014,R37913,2014-06-28,Brazil,Chile,1,1,D,0.7275291691457952,0.19126433800501422,0.08120649284919047,H,0.6769091405300363,0.19490590288206577,0.12818495658789786,H,0.6054458060053343,0.25,0.1445541939946657,H,0.4843829262990072,0.2353069062975578,0.280310167403435,H,2.082795908282599,0.775971425427112
2014,R37914,2014-06-28,Colombia,Uruguay,2,0,H,0.37702232358911697,0.25836713705898917,0.36461053935189386,H,0.4200815372065405,0.2514003559867979,0.3285181068066615,H,0.3698566350303815,0.25,0.3801433649696185,A,0.4843829262990072,0.2353069062975578,0.280310167403435,H,1.50053798847142,1.2983516731071607
2014,R37916,2014-06-29,Costa Rica,Greece,1,1,D,0.2796442521128801,0.25618230223004523,0.4641734456570748,A,0.35169003862469383,0.25321950600516074,0.3950904553701455,A,0.3059517708739155,0.25,0.4440482291260844,A,0.4843829262990072,0.2353069062975578,0.280310167403435,H,1.345142015431001,1.4406548499057676
2014,R37917,2014-06-29,Netherlands,Mexico,2,1,H,0.5651596634670824,0.2291012371934246,0.20573909933949305,H,0.5499051697386117,0.22867701735991314,0.22141781290147505,H,0.4836689748569571,0.25,0.2663310251430428,H,0.4843829262990072,0.2353069062975578,0.280310167403435,H,1.828591102448238,1.0757288963146776
2014,R37918,2014-06-30,France,Nigeria,2,0,H,0.5617793908006387,0.22996420344670637,0.20825640575265505,H,0.5474771330759854,0.22930466616300552,0.22321820076100904,H,0.4816732525797331,0.25,0.2683267474202668,H,0.4843829262990072,0.2353069062975578,0.280310167403435,H,1.8218831522306809,1.079496455402
2014,R37919,2014-06-30,Germany,Algeria,2,1,H,0.7820097464142154,0.1485381672149366,0.06945208637084793,H,0.729189045425494,0.1639502113134543,0.10686074326105169,H,0.6129337676321056,0.25,0.1370662323678944,H,0.4843829262990072,0.2353069062975578,0.280310167403435,H,2.432787246438099,0.8198812851959204
2014,R37920,2014-07-01,Argentina,Switzerland,1,0,H,0.6797289165207901,0.19286995087489556,0.12740113260431432,H,0.6373277463066614,0.20149294497005635,0.1611793087232823,H,0.5513332318018279,0.25,0.198666768198172,H,0.4843829262990072,0.2353069062975578,0.280310167403435,H,2.0915198117031037,0.9466679752623308
2014,R37921,2014-07-01,Belgium,United States,2,1,H,0.3400740032248164,0.259165100085233,0.4007608966899506,A,0.3946120909239852,0.2529953793003086,0.3523925297757064,H,0.3462373555182481,0.25,0.4037626444817518,A,0.4843829262990072,0.2353069062975578,0.280310167403435,H,1.4416951654822832,1.3487149033730133
2014,R37923,2014-07-04,Brazil,Colombia,2,1,H,0.6963641555503228,0.2064375427971792,0.09719830165249797,H,0.6500025609233084,0.2060993880812064,0.14389805099548506,H,0.5880495011440006,0.25,0.1619504988559994,H,0.4843829262990072,0.2353069062975578,0.280310167403435,H,1.9906737549304219,0.8100950224265346
2014,R37924,2014-07-04,France,Germany,0,1,A,0.2625959162246713,0.2542514065345394,0.4831526772407892,A,0.33914038106285727,0.25265722130790763,0.40820239762923516,A,0.2941124827927868,0.25,0.4558875172072131,A,0.4843829262990072,0.2353069062975578,0.280310167403435,H,1.3174000311478449,1.469500847446528
2014,R37925,2014-07-05,Argentina,Belgium,1,0,H,0.6598302245300185,0.20014481224474692,0.1400249632252345,H,0.6212573904555196,0.2071383766612535,0.17160423288322674,H,0.5395338516924005,0.25,0.2104661483075995,H,0.4843829262990072,0.2353069062975578,0.280310167403435,H,2.0396090230729413,0.9695749865255145
2014,R37926,2014-07-05,Netherlands,Costa Rica,0,0,D,0.7099138530826573,0.18102098905069117,0.10906515786665158,H,0.6626601333231774,0.1920255069248784,0.14531435975194415,H,0.5693215523033459,0.25,0.1806784476966541,H,0.4843829262990072,0.2353069062975578,0.280310167403435,H,2.1774000092857904,0.9111128770215626
2014,R37928,2014-07-08,Brazil,Germany,1,7,A,0.5928594048995492,0.24895332003184587,0.15818727506860483,H,0.5691383910069986,0.23489590378475836,0.19596570520824297,H,0.5294376293214609,0.25,0.2205623706785391,H,0.4843829262990072,0.2353069062975578,0.280310167403435,H,1.7460360791032887,0.9177210392320415
2014,R37929,2014-07-09,Netherlands,Argentina,0,0,D,0.31286553009065526,0.25852404338378543,0.4286104265255592,A,0.3755363248750231,0.2534915968716192,0.37097207825335776,H,0.3283889947396868,0.25,0.4216110052603131,A,0.4843829262990072,0.2353069062975578,0.280310167403435,H,1.398426784803591,1.388384168992753
2014,R37931,2014-07-12,Brazil,Netherlands,0,3,A,0.6060038622717194,0.2442174541089779,0.14977868361930274,H,0.5788460604488932,0.23183891793288663,0.18931502161822006,H,0.5369735684831667,0.25,0.2130264315168332,H,0.4843829262990072,0.2353069062975578,0.280310167403435,H,1.7732954546899264,0.9042953796338167
2014,R37933,2014-07-13,Germany,Argentina,1,0,H,0.37800326393838785,0.2583212265765072,0.36367550948510496,H,0.42075293612901843,0.25134440946425773,0.32790265440672395,H,0.3704752826492625,0.25,0.3795247173507374,A,0.4843829262990072,0.2353069062975578,0.280310167403435,H,1.5021076055713232,1.29706098037179
2018,R41639,2018-06-14,Russia,Saudi Arabia,5,0,H,0.5959223324008665,0.24641080590945505,0.15766686168967836,H,0.5697521044244191,0.23510832966409484,0.19513956591148596,H,0.5336595020983854,0.25,0.2163404979016146,H,0.4827331171417193,0.2346247937645787,0.282642089093702,H,1.7433163777128382,0.9126929435929398
2018,R41640,2018-06-15,Egypt,Uruguay,0,1,A,0.1957258249414157,0.24418243689159524,0.560091738166989,A,0.28294079596047506,0.248266224015801,0.46879298002372394,A,0.2439636938905524,0.25,0.5060363061094475,A,0.4827331171417193,0.2346247937645787,0.282642089093702,H,1.180012981010965,1.590719006939963
2018,R41641,2018-06-15,Morocco,Iran,0,1,A,0.2430647167241862,0.2552405688404583,0.5016947144353555,A,0.32085710220329655,0.2532768598216943,0.42586603797500905,A,0.2798847459662302,0.25,0.4701152540337697,A,0.4827331171417193,0.2346247937645787,0.282642089093702,H,1.2620219142711273,1.4923808276290882
2018,R41642,2018-06-15,Portugal,Spain,3,3,D,0.21171781670561962,0.24852157827454485,0.5397606050198355,A,0.29609582191263695,0.25036307204708186,0.4535411060402813,A,0.2563990135833033,0.25,0.4936009864166966,A,0.4827331171417193,0.2346247937645787,0.282642089093702,H,1.2083801567966772,1.5552316648389006
2018,R41643,2018-06-16,France,Australia,2,1,H,0.621801678041877,0.21793594154837384,0.16026238040974905,H,0.5933646285657895,0.21754809198267266,0.18908727945153786,H,0.5214596880188577,0.25,0.2285403119811423,H,0.4827331171417193,0.2346247937645787,0.282642089093702,H,1.9358768708871625,0.9940445083271469
2018,R41644,2018-06-16,Argentina,Iceland,1,1,D,0.7786706335583922,0.1537323622826851,0.06759700415892281,H,0.7309674390987456,0.16396618581332717,0.10506637508792721,H,0.6162480758496018,0.25,0.1337519241503982,H,0.4827331171417193,0.2346247937645787,0.282642089093702,H,2.4214095833745253,0.8037095586412227
2018,R41645,2018-06-16,Peru,Denmark,0,1,A,0.5214697364832596,0.24474145330119354,0.233788810215547,H,0.5188377901213981,0.2376843039183721,0.2434779059602298,H,0.4610820779831988,0.25,0.2889179220168012,H,0.4827331171417193,0.2346247937645787,0.282642089093702,H,1.7275748227448997,1.107547316801404
2018,R41646,2018-06-16,Croatia,Nigeria,2,0,H,0.5883737905637816,0.22807155212487498,0.1835546573113435,H,0.5677935680811064,0.22520838517890487,0.2069980467399889,H,0.5014072621780685,0.25,0.2485927378219314,H,0.4827331171417193,0.2346247937645787,0.282642089093702,H,1.861327716239378,1.0318194453659844
2018,R41647,2018-06-17,Costa Rica,Serbia,0,1,A,0.42660455332546077,0.25985397830098783,0.3135414683735514,H,0.45232546647990446,0.24965600135993052,0.2980185321601651,H,0.4027408054950886,0.25,0.3472591945049114,H,0.4827331171417193,0.2346247937645787,0.282642089093702,H,1.5605920397474433,1.2198076563584954
2018,R41648,2018-06-17,Germany,Mexico,0,1,A,0.5145235685008102,0.24619330052482316,0.23928313097436674,H,0.5138830356961311,0.2387800134752152,0.24733695082865365,H,0.4568682201349593,0.25,0.2931317798650407,H,0.4827331171417193,0.2346247937645787,0.282642089093702,H,1.7146068448854375,1.1155015250564413
2018,R41649,2018-06-17,Brazil,Switzerland,1,1,D,0.7390890264055018,0.1726479461199998,0.08826302747449835,H,0.6925958453684198,0.18092041839787543,0.1264837362337048,H,0.592099198102578,0.25,0.1579008018974219,H,0.4827331171417193,0.2346247937645787,0.282642089093702,H,2.2676930433251195,0.8553656400519661
2018,R41650,2018-06-18,Sweden,South Korea,1,0,H,0.4171280728714447,0.26078317858375305,0.3220887485448022,H,0.4457547925964198,0.2505032975112011,0.30374190989237915,H,0.3967903833444554,0.25,0.3532096166555446,H,0.4827331171417193,0.2346247937645787,0.282642089093702,H,1.5448310320039778,1.2316242605086554
2018,R41651,2018-06-18,Belgium,Panama,3,0,H,0.6594624043856322,0.20506872980562757,0.1354688658087402,H,0.6233792726766632,0.20760260634870378,0.169018120974633,H,0.544053222712619,0.25,0.2059467772873809,H,0.4827331171417193,0.2346247937645787,0.282642089093702,H,2.0283378129415195,0.950958290380798
2018,R41652,2018-06-18,Tunisia,England,1,2,A,0.13733341068240976,0.22175518823186874,0.6409114010857215,A,0.23056365844525362,0.23568880544483725,0.5337475361099092,A,0.195077141253199,0.25,0.5549228587468009,A,0.4827331171417193,0.2346247937645787,0.282642089093702,H,1.067099510436405,1.7501703360044256
2018,R41653,2018-06-19,Colombia,Japan,1,2,A,0.6093725440393055,0.2218450249875544,0.16878243097314005,H,0.5837515353691659,0.2205170998754362,0.19573136475539776,H,0.5140062737748267,0.25,0.2359937262251733,H,0.4827331171417193,0.2346247937645787,0.282642089093702,H,1.9074282685135742,1.0081200753474637
2018,R41654,2018-06-19,Poland,Senegal,1,2,A,0.3616682654953076,0.2639231661034996,0.37440856840119274,A,0.4071793308055068,0.25416324299867177,0.3386574261958216,H,0.3613211431030411,0.25,0.3886788568969589,A,0.4827331171417193,0.2346247937645787,0.282642089093702,H,1.4544405391420157,1.3042097739392402
2018,R41655,2018-06-19,Russia,Egypt,3,1,H,0.4877772786389501,0.27688823263816026,0.23533448872288962,H,0.4920934350511259,0.2554497129534126,0.2524568519954615,H,0.4694725834808461,0.25,0.2805274165191539,H,0.4827331171417193,0.2346247937645787,0.282642089093702,H,1.5407064526077034,1.0263246724148567
2018,R41656,2018-06-20,Portugal,Morocco,1,0,H,0.6412125977250787,0.21149688255722093,0.14729051971770038,H,0.6086569460054632,0.2126074610038189,0.17873559299071784,H,0.533100738308668,0.25,0.2168992616913319,H,0.4827331171417193,0.2346247937645787,0.282642089093702,H,1.982264322761992,0.9719384430244926
2018,R41657,2018-06-20,Uruguay,Saudi Arabia,1,0,H,0.7259415661814894,0.17850632194299473,0.09555211187551584,H,0.6805087945493953,0.18594606818713544,0.13354513726346912,H,0.5841241103512753,0.25,0.1658758896487246,H,0.4827331171417193,0.2346247937645787,0.282642089093702,H,2.222768775051342,0.8717764024695079
2018,R41658,2018-06-20,Iran,Spain,0,1,A,0.1599221488901241,0.2318187628206574,0.6082590882892186,A,0.25179254280289237,0.24164988508238044,0.5065575721147275,A,0.2147391200411454,0.25,0.5352608799588546,A,0.4827331171417193,0.2346247937645787,0.282642089093702,H,1.112948494942965,1.6816214893673898
2018,R41659,2018-06-21,Denmark,Australia,1,1,D,0.40541068209025555,0.26177802763775926,0.3328112902719852,H,0.437629631802423,0.2514629596924166,0.3109074085051606,H,0.3893926138616979,0.25,0.3606073861383021,H,0.4827331171417193,0.2346247937645787,0.282642089093702,H,1.525497213638272,1.2464445274038172
2018,R41660,2018-06-21,France,Peru,1,0,H,0.5287727580177485,0.24315791136633916,0.2280693306159124,H,0.5240686224868617,0.23649344178626716,0.23943793572687108,H,0.465505412241733,0.25,0.2844945877582669,H,0.4827331171417193,0.2346247937645787,0.282642089093702,H,1.7413701473730336,1.0992124421497194
2018,R41661,2018-06-21,Argentina,Croatia,0,3,A,0.5519432299833263,0.23774899090996943,0.21030777910670428,H,0.5408291655603048,0.23244531175721447,0.2267255226824809,H,0.4794983877944566,0.25,0.2705016122055433,H,0.4827331171417193,0.2346247937645787,0.282642089093702,H,1.786333520446217,1.0729179814166745
2018,R41662,2018-06-22,Brazil,Costa Rica,2,0,H,0.7997216601204836,0.14285246671171686,0.057425873167799665,H,0.752778998032356,0.1536593303663504,0.09356167160129344,H,0.6291880664830292,0.25,0.1208119335169707,H,0.4827331171417193,0.2346247937645787,0.282642089093702,H,2.5177619571709537,0.7744694324147602
2018,R41663,2018-06-22,Nigeria,Iceland,2,0,H,0.41323074432122586,0.26113313261834326,0.32563612306043094,H,0.44305264474014056,0.2508333306372526,0.30611402462260673,H,0.3943348956035507,0.25,0.3556651043964492,H,0.4827331171417193,0.2346247937645787,0.282642089093702,H,1.538382488697349,1.2365270035507687
2018,R41664,2018-06-22,Serbia,Switzerland,1,2,A,0.2674075516499474,0.2590161405223475,0.47357630782770516,A,0.33934416950523116,0.25462633173085997,0.4060294987639089,A,0.2974386040572495,0.25,0.4525613959427504,A,0.4827331171417193,0.2346247937645787,0.282642089093702,H,1.3023951247045595,1.448408312033485
2018,R41665,2018-06-23,Belgium,Tunisia,5,2,H,0.6402476576499091,0.21182663677875233,0.14792570557133863,H,0.6078881699442574,0.21286215135305006,0.17924967870269243,H,0.5325219133752379,0.25,0.217478086624762,H,0.4827331171417193,0.2346247937645787,0.282642089093702,H,1.9798976236872385,0.9730418489376774
2018,R41666,2018-06-23,South Korea,Mexico,1,2,A,0.17503056851282098,0.23752091208635792,0.5874485194008211,A,0.2652601807801419,0.24480692545291724,0.48993289376694077,A,0.2273291501763124,0.25,0.5226708498236875,A,0.4827331171417193,0.2346247937645787,0.282642089093702,H,1.1419490016510292,1.6410355204279345
2018,R41667,2018-06-23,Germany,Sweden,2,1,H,0.6442883947136708,0.21043900416081954,0.14527260112550974,H,0.6111137308223353,0.21178909505991284,0.17709717411775175,H,0.5349459219572723,0.25,0.2150540780427277,H,0.4827331171417193,0.2346247937645787,0.282642089093702,H,1.9898530710020004,0.968417663403464
2018,R41668,2018-06-24,England,Panama,6,1,H,0.7228538147339045,0.17985242378051036,0.09729376148558506,H,0.677712651396317,0.1870869321819056,0.1352004164217775,H,0.5822540560045879,0.25,0.1677459439954121,H,0.4827331171417193,0.2346247937645787,0.282642089093702,H,2.2125869471295263,0.8755860926582983
2018,R41669,2018-06-24,Japan,Senegal,2,2,D,0.33786040762333447,0.2639887311492723,0.3981508612273933,A,0.3904318503737674,0.2550186971770756,0.35454945244915714,H,0.3456853210790654,0.25,0.4043146789209345,A,0.4827331171417193,0.2346247937645787,0.282642089093702,H,1.4161952356867185,1.3376384890686042
2018,R41670,2018-06-24,Poland,Colombia,0,3,A,0.21328676856869636,0.2489122584460103,0.5378009729852933,A,0.2973655395064264,0.25054475522104225,0.45208970527253156,A,0.2576012734339243,0.25,0.4923987265660756,A,0.4827331171417193,0.2346247937645787,0.282642089093702,H,1.2111218486842028,1.5518877139009768
2018,R41671,2018-06-25,Russia,Uruguay,0,3,A,0.26945443954632764,0.2908576074061171,0.4396879530475552,A,0.34073100015162416,0.26952706488010214,0.3897419349682737,A,0.3243212307613131,0.25,0.4256787692386868,A,0.4827331171417193,0.2346247937645787,0.282642089093702,H,1.1992008361476758,1.3020993931061116
2018,R41672,2018-06-25,Saudi Arabia,Egypt,2,1,H,0.26311321290042367,0.258434512397128,0.4784522747024484,A,0.3361224519266505,0.25443982867699366,0.40943771939635587,A,0.2943804181152328,0.25,0.4556195818847671,A,0.4827331171417193,0.2346247937645787,0.282642089093702,H,1.2953346724751904,1.4559053800082218
2018,R41673,2018-06-25,Spain,Morocco,2,2,D,0.788595765580005,0.14867619371503582,0.06272804070495906,H,0.7411174400557297,0.1592298906487145,0.09965266929555579,H,0.6223401051261889,0.25,0.1276598948738111,H,0.4827331171417193,0.2346247937645787,0.282642089093702,H,2.465335151927902,0.7901030898053204
2018,R41674,2018-06-25,Iran,Portugal,1,1,D,0.2824568017707051,0.26078440070700687,0.4567587975222881,A,0.3505171831523766,0.25511871429227595,0.3943641025553474,A,0.3080365841504813,0.25,0.4419634158495187,A,0.4827331171417193,0.2346247937645787,0.282642089093702,H,1.3269728560096223,1.4229175148739195
2018,R41675,2018-06-26,Australia,Peru,0,2,A,0.2835535532337737,0.2608972822644172,0.45554916450180905,A,0.35132479133660743,0.2551451542521785,0.3935300544112141,A,0.3088020016062707,0.25,0.4411979983937293,A,0.4827331171417193,0.2346247937645787,0.282642089093702,H,1.3287552533375022,1.4211046594298637
2018,R41676,2018-06-26,Denmark,France,0,0,D,0.1689996152022302,0.2353352878332304,0.5956650969645394,A,0.2599463922353607,0.2436168552326446,0.4964367525319946,A,0.2223522046062942,0.25,0.5276477953937058,A,0.4827331171417193,0.2346247937645787,0.282642089093702,H,1.1305102974167593,1.6568014483682605
2018,R41677,2018-06-26,Nigeria,Argentina,1,2,A,0.11109222716047161,0.20724064354557295,0.6816671292939556,A,0.20376851397206724,0.22627883579498315,0.5699526502329497,A,0.1706642999074274,0.25,0.5793357000925725,A,0.4827331171417193,0.2346247937645787,0.282642089093702,H,1.0086957094656241,1.8462763896530139
2018,R41678,2018-06-26,Iceland,Croatia,1,2,A,0.1432473450015907,0.22458479660795164,0.6321678583904576,A,0.23626433877455516,0.23741288234851748,0.5263227788769272,A,0.2003322458476544,0.25,0.5496677541523456,A,0.4827331171417193,0.2346247937645787,0.282642089093702,H,1.0794368140825774,1.7311666510152377
2018,R41679,2018-06-27,South Korea,Germany,2,0,H,0.113593211855542,0.20877731102475613,0.6776294771197018,A,0.20644252414409614,0.22731941736085792,0.5662380584950459,A,0.1730772594341409,0.25,0.5769227405658591,A,0.4827331171417193,0.2346247937645787,0.282642089093702,H,1.0145632084853862,1.8361339334844318
2018,R41680,2018-06-27,Mexico,Sweden,0,3,A,0.5811670121024276,0.23009926313352252,0.1887337247640498,H,0.562391648968766,0.2267283568550663,0.2108799941761676,H,0.4970796200354723,0.25,0.2529203799645276,H,0.4827331171417193,0.2346247937645787,0.282642089093702,H,1.8460228334055893,1.03994243153623
2018,R41681,2018-06-27,Serbia,Brazil,0,2,A,0.05712740300954208,0.16253364094654113,0.7803389560439168,A,0.13649790695809055,0.19125811708653084,0.6722439759553787,A,0.1120824098040316,0.25,0.6379175901959684,A,0.4827331171417193,0.2346247937645787,0.282642089093702,H,0.8556322733892824,2.158630004820079
2018,R41682,2018-06-27,Switzerland,Costa Rica,2,2,D,0.5190977045666876,0.24524320805747785,0.23565908737583452,H,0.5171436289018966,0.23806250533193618,0.24479386576616724,H,0.4596438537343671,0.25,0.2903561462656329,H,0.4827331171417193,0.2346247937645787,0.282642089093702,H,1.7231299998890899,1.1102605046241052
2018,R41683,2018-06-28,Japan,Poland,0,1,A,0.40378427095054553,0.2619024682272706,0.3343132608221839,H,0.4365014304125121,0.2515884212619571,0.3119101483255307,H,0.388362078923477,0.25,0.3616379210765229,H,0.4827331171417193,0.2346247937645787,0.282642089093702,H,1.5228258650253363,1.248521082346818
2018,R41684,2018-06-28,Senegal,Colombia,0,1,A,0.24561044924314945,0.2556912564370279,0.4986982943198227,A,0.32281748985859565,0.25345246784260106,0.4237300422988032,A,0.2817463179518308,0.25,0.4682536820481692,A,0.4827331171417193,0.2346247937645787,0.282642089093702,H,1.2662879082455656,1.4876053862354586
2018,R41685,2018-06-28,Panama,Tunisia,1,2,A,0.34496296471789206,0.2640545112892629,0.39098252399284494,A,0.3954466929534299,0.25481102961285507,0.34974227743371505,H,0.3503797449111701,0.25,0.3996202550888298,A,0.4827331171417193,0.2346247937645787,0.282642089093702,H,1.427591068509008,1.327495227592377
2018,R41686,2018-06-28,England,Belgium,0,1,A,0.442685848738611,0.25802734448724973,0.2992868067741394,H,0.46348488068403904,0.24807367458906912,0.2884414447268919,H,0.4127773241783406,0.25,0.3372226758216594,H,0.4827331171417193,0.2346247937645787,0.282642089093702,H,1.587631837814504,1.2000679268269014
2018,R41687,2018-06-30,France,Argentina,4,3,H,0.34952528789261433,0.2640580800805727,0.38641663202681303,A,0.39865908580024484,0.2546560672534497,0.3466848469463055,H,0.3533814946375735,0.25,0.3966185053624265,A,0.4827331171417193,0.2346247937645787,0.282642089093702,H,1.4349157344393506,1.321058583932616
2018,R41688,2018-06-30,Uruguay,Portugal,2,1,H,0.36963923675708343,0.26372279841475105,0.3666379648281655,H,0.412751938590063,0.25377754352809734,0.33347051788183957,H,0.366495592703007,0.25,0.383504407296993,A,0.4827331171417193,0.2346247937645787,0.282642089093702,H,1.4672904508795075,1.2933596018606557
2018,R41689,2018-07-01,Russia,Spain,1,1,D,0.12399309898584637,0.24404797994811273,0.6319589210660409,A,0.21990054205072973,0.24751623735386918,0.5325832205954011,A,0.2006100154854176,0.25,0.5493899845145822,A,0.4827331171417193,0.2346247937645787,0.282642089093702,H,0.9487936708336725,1.6264953936799864
2018,R41690,2018-07-01,Croatia,Denmark,1,1,D,0.5344872528667927,0.24187815651628308,0.22363459061692423,H,0.528178083211378,0.23553350435071982,0.23628841243790208,H,0.4689619595187612,0.25,0.2810380404812388,H,0.4827331171417193,0.2346247937645787,0.282642089093702,H,1.7522854944450994,1.0927082747251557
2018,R41691,2018-07-02,Brazil,Mexico,2,0,H,0.6825590709006648,0.19640681822450515,0.12103411087483,H,0.6425535169529496,0.20072582227138572,0.15672066077566482,H,0.5579364517135875,0.25,0.1920635482864125,H,0.4827331171417193,0.2346247937645787,0.282642089093702,H,2.090631450342862,0.9240264886449494
2018,R41692,2018-07-02,Belgium,Japan,3,2,H,0.6205096334910306,0.21835006368438145,0.161140302824588,H,0.5923591000037163,0.2178636290993776,0.1897772708969062,H,0.5206849243304175,0.25,0.2293150756695826,H,0.4827331171417193,0.2346247937645787,0.282642089093702,H,1.9328762008897957,0.9955100979296341
2018,R41693,2018-07-03,Sweden,Switzerland,1,0,H,0.2902199309815272,0.2615380413860859,0.44824202763238685,A,0.3562157228498227,0.2552793492004729,0.38850492794970426,A,0.3134351415512451,0.25,0.4365648584487549,A,0.4827331171417193,0.2346247937645787,0.282642089093702,H,1.3395675688113,1.410208392335643
2018,R41694,2018-07-03,Colombia,England,1,1,D,0.3434189618769064,0.26404648441309725,0.39253455370999635,A,0.3943580105725002,0.254859673016355,0.3507823164111447,H,0.3493614778102906,0.25,0.4006385221897094,A,0.4827331171417193,0.2346247937645787,0.282642089093702,H,1.4251131628095597,1.329687319247044
2018,R41696,2018-07-06,Uruguay,France,0,2,A,0.3088088130901052,0.2629260376222291,0.42826514928766557,A,0.36970558167060175,0.2554229780911829,0.3748714402382153,A,0.326188910287935,0.25,0.4238110897120649,A,0.4827331171417193,0.2346247937645787,0.282642089093702,H,1.369560431096782,1.3808609651191486
2018,R41697,2018-07-06,Brazil,Belgium,1,2,A,0.6398969479078321,0.21194623559435397,0.14815681649781387,H,0.6076089871942829,0.2129544782148763,0.17943653459084064,H,0.532311543221752,0.25,0.2176884567782479,H,0.4827331171417193,0.2346247937645787,0.282642089093702,H,1.9790390855870386,0.9734427537468826
2018,R41698,2018-07-07,Sweden,England,0,2,A,0.2032324994569121,0.2463018436750768,0.5504656568680112,A,0.28916574917409954,0.24930769571267122,0.4615265551132294,A,0.2498429694216926,0.25,0.5001570305783074,A,0.4827331171417193,0.2346247937645787,0.282642089093702,H,1.193428540606398,1.573731163491082
2018,R41699,2018-07-07,Russia,Croatia,2,2,D,0.2662707791394931,0.290466404916398,0.4432628159441088,A,0.3384004764962673,0.26942698649446045,0.3921725370092721,A,0.3219479057731176,0.25,0.4280520942268824,A,0.4827331171417193,0.2346247937645787,0.282642089093702,H,1.1942828384245132,1.3071914081178
2018,R41700,2018-07-10,France,Belgium,1,0,H,0.4272925718383712,0.2597822303989783,0.3129251977626503,H,0.4528025994793481,0.24959202061270336,0.29760537990794855,H,0.4031717444071017,0.25,0.3468282555928983,H,0.4827331171417193,0.2346247937645787,0.282642089093702,H,1.561741057980855,1.2189552894987223
2018,R41701,2018-07-11,Croatia,England,2,1,H,0.30357221983716975,0.26259303384464866,0.43383474631818153,A,0.3659259085440028,0.25541580305496575,0.37865828840103144,A,0.3226197224954941,0.25,0.4273802775045059,A,0.4827331171417193,0.2346247937645787,0.282642089093702,H,1.361130299576463,1.3889822816870325
2018,R41702,2018-07-14,Belgium,England,2,0,H,0.38851790344217696,0.2629054159434724,0.3485766806143507,H,0.4259015551393446,0.2526730393845949,0.32142540547606074,H,0.3786420835757985,0.25,0.3713579164242014,H,0.4827331171417193,0.2346247937645787,0.282642089093702,H,1.4978785608308196,1.268262187186639
2018,R41703,2018-07-15,France,Croatia,4,2,H,0.5094158444262139,0.24722695458676738,0.24335720098701868,H,0.5102515805059786,0.2395629699151895,0.2501854495788319,H,0.453765197700798,0.25,0.296234802299202,H,0.4827331171417193,0.2346247937645787,0.282642089093702,H,1.7051621345344543,1.121368876259193
2022,R45717,2022-11-20,Qatar,Ecuador,0,2,A,0.34588611013335424,0.29396136061110306,0.3601525292555427,A,0.39166002554417434,0.26998171089618783,0.3383582635596377,H,0.3810469944330346,0.25,0.3689530055669654,H,0.48303909788335336,0.23347814030871614,0.2834827618079305,H,1.3023187436727046,1.1905655406107583
2022,R45718,2022-11-21,Senegal,Netherlands,0,2,A,0.1632866741458666,0.23455858742988936,0.6021547384242442,A,0.2537431379381411,0.24460626968438606,0.5016505923774728,A,0.2219629367276757,0.25,0.5280370632723242,A,0.48303909788335336,0.23347814030871614,0.2834827618079305,H,1.1000608112125103,1.6490032997840478
2022,R45719,2022-11-21,England,Iran,6,2,H,0.4756845035446081,0.2570395816324171,0.26727591482297475,H,0.4848688155808015,0.24672780025038052,0.26840338416881804,H,0.434770575522107,0.25,0.315229424477893,H,0.48303909788335336,0.23347814030871614,0.2834827618079305,H,1.618473371243791,1.1398704430917577
2022,R45720,2022-11-21,United States,Wales,1,1,D,0.5123871962621706,0.2503781700008268,0.23723463373700257,H,0.5108010460415257,0.2415427076665607,0.24765624629191357,H,0.4568644041671901,0.25,0.2931355958328099,H,0.48303909788335336,0.23347814030871614,0.2834827618079305,H,1.6840561891047692,1.0973819453150244
2022,R45721,2022-11-22,Argentina,Saudi Arabia,1,2,A,0.8465318244527011,0.11825426136384265,0.03521391418345631,H,0.8060930582799062,0.1273164656826875,0.06659047603740631,H,0.6578440618139032,0.25,0.0921559381860967,H,0.48303909788335336,0.23347814030871614,0.2834827618079305,H,2.7613495241522226,0.6838669349896159
2022,R45722,2022-11-22,Mexico,Poland,0,0,D,0.4932928988080515,0.2540381375116374,0.252668963680311,H,0.4972561737150888,0.24436331554409466,0.25838051074081664,H,0.4453982766388482,0.25,0.3046017233611517,H,0.48303909788335336,0.23347814030871614,0.2834827618079305,H,1.649506902615623,1.11935314072325
2022,R45723,2022-11-22,Denmark,Tunisia,0,0,D,0.5621138817992585,0.23890817803077408,0.19897794016996753,H,0.5468260414714033,0.23288802941686573,0.22028592911173078,H,0.4865197217046271,0.25,0.2634802782953729,H,0.48303909788335336,0.23347814030871614,0.2834827618079305,H,1.7794471578925812,1.0410563345083503
2022,R45724,2022-11-22,France,Australia,4,1,H,0.6505655188706443,0.21169311293348395,0.13774136819587185,H,0.6150476081975693,0.2121834096887328,0.1727689821136978,H,0.5390012807284709,0.25,0.2109987192715291,H,0.48303909788335336,0.23347814030871614,0.2834827618079305,H,1.9773873350623192,0.9411696562505023
2022,R45725,2022-11-23,Germany,Japan,1,2,A,0.5585352197313389,0.23982612420027946,0.2016386560683817,H,0.5441895626122626,0.23357676009674855,0.22223367729098886,H,0.4843927036059081,0.25,0.2656072963940918,H,0.48303909788335336,0.23347814030871614,0.2834827618079305,H,1.7722785415270503,1.0450830175600807
2022,R45726,2022-11-23,Spain,Costa Rica,7,0,H,0.725705116640528,0.1816014640859272,0.09269341927354499,H,0.6796419556638237,0.18774990974774403,0.13260813458843226,H,0.5838844849420262,0.25,0.1661155150579738,H,0.48303909788335336,0.23347814030871614,0.2834827618079305,H,2.19348384691287,0.8522994364414179
2022,R45727,2022-11-23,Morocco,Croatia,0,0,D,0.23770519281379646,0.2565686059107587,0.5057262012754449,A,0.31532183381809487,0.25522634103895037,0.42945182514295477,A,0.2797622214655882,0.25,0.4702377785344118,A,0.48303909788335336,0.23347814030871614,0.2834827618079305,H,1.2315153426297925,1.4802640460226604
2022,R45728,2022-11-23,Belgium,Canada,1,0,H,0.6625793468345789,0.20732081450228532,0.13009983866313585,H,0.624881495859543,0.2087575934133436,0.1663609107271133,H,0.5461434765947785,0.25,0.2038565234052215,H,0.48303909788335336,0.23347814030871614,0.2834827618079305,H,2.0082118625282415,0.9273496167074512
2022,R45729,2022-11-24,Switzerland,Cameroon,1,0,H,0.5979125787790157,0.22894234962197366,0.17314507159901057,H,0.5736658711941833,0.22539547572326998,0.20093865308254674,H,0.5077647396983184,0.25,0.2422352603016816,H,0.48303909788335336,0.23347814030871614,0.2834827618079305,H,1.8543084604876408,1.000826713998271
2022,R45730,2022-11-24,Brazil,Serbia,2,0,H,0.763315364354249,0.16398907129785667,0.07269556434789436,H,0.7153492729437066,0.1723412904739391,0.11230943658235419,H,0.6066190740913282,0.25,0.1433809259086718,H,0.48303909788335336,0.23347814030871614,0.2834827618079305,H,2.3296834019817423,0.8045855513362375
2022,R45731,2022-11-24,Uruguay,South Korea,0,0,D,0.5151654851739979,0.2498108745578736,0.23502364026812864,H,0.5127832157665628,0.24110967759077692,0.24610710664266022,H,0.4585283698282322,0.25,0.2914716301717678,H,0.48303909788335336,0.23347814030871614,0.2834827618079305,H,1.6891688828389066,1.0942052804007278
2022,R45732,2022-11-24,Portugal,Ghana,3,2,H,0.736598856160496,0.17668191820149937,0.08671922563800451,H,0.6897129003198268,0.18353838786745888,0.1267487118127143,H,0.5904467127585167,0.25,0.1595532872414832,H,0.48303909788335336,0.23347814030871614,0.2834827618079305,H,2.230489245805902,0.8387717500206037
2022,R45733,2022-11-25,Qatar,Senegal,1,3,A,0.38044093777390764,0.2926267476659469,0.32693231456014554,H,0.4154008412025456,0.26818612007215203,0.3164130387253022,H,0.4037250106348974,0.25,0.3462749893651026,H,0.48303909788335336,0.23347814030871614,0.2834827618079305,H,1.3546562920980574,1.1465387574805281
2022,R45734,2022-11-25,Netherlands,Ecuador,1,1,D,0.5857808170459641,0.23247903778190948,0.1817401451721265,H,0.5644689444822515,0.22806055448784632,0.20747050102990233,H,0.5005698327185223,0.25,0.2494301672814777,H,0.48303909788335336,0.23347814030871614,0.2834827618079305,H,1.8282560198782158,1.0144613631896267
2022,R45735,2022-11-25,Wales,Iran,0,2,A,0.2250174569378395,0.2538294385625059,0.5211531044996546,A,0.3054068927080613,0.25410413761451073,0.4404889696774277,A,0.2704234067636334,0.25,0.4795765932363666,A,0.48303909788335336,0.23347814030871614,0.2834827618079305,H,1.2102438308439236,1.5051358415491176
2022,R45736,2022-11-25,England,United States,0,0,D,0.5503442799410677,0.24187341851327285,0.2077823015456595,H,0.5381834199113187,0.23511360343546242,0.2267029766532188,H,0.4795210377650813,0.25,0.2704789622349187,H,0.48303909788335336,0.23347814030871614,0.2834827618079305,H,1.7560637083554316,1.0543096639989105
2022,R45737,2022-11-26,Poland,Saudi Arabia,2,0,H,0.5070793836340294,0.251437502654999,0.24148311371097161,H,0.5070226005468477,0.24235391254146177,0.2506234869116904,H,0.45368251777526,0.25,0.29631748222474,H,0.48303909788335336,0.23347814030871614,0.2834827618079305,H,1.6743510962107664,1.1034641954725068
2022,R45738,2022-11-26,Argentina,Mexico,2,0,H,0.6610143748978837,0.20789965963555626,0.13108596546655996,H,0.623591156075644,0.20921324425525292,0.16719559966910313,H,0.5452125766255751,0.25,0.2047874233744248,H,0.48303909788335336,0.23347814030871614,0.2834827618079305,H,2.0041294116948087,0.9291560734002166
2022,R45739,2022-11-26,Tunisia,Australia,0,1,A,0.3368829846874415,0.2671386152909327,0.3959784000216257,A,0.3881417411794763,0.2575066460402537,0.35435161278026983,H,0.3479349904067553,0.25,0.4020650095932446,A,0.48303909788335336,0.23347814030871614,0.2834827618079305,H,1.3909831775069015,1.3175480264823878
2022,R45740,2022-11-26,France,Denmark,2,1,H,0.5490615553206035,0.24218724941739103,0.20875119526200556,H,0.5372462891822937,0.2353493447417825,0.22740436607592368,H,0.4787576682215594,0.25,0.2712423317784405,H,0.48303909788335336,0.23347814030871614,0.2834827618079305,H,1.7535480162517452,1.0557561111595803
2022,R45741,2022-11-27,Japan,Costa Rica,0,1,A,0.4867691032352833,0.2551922898674194,0.2580386068972974,H,0.4926563978418099,0.2452655689637176,0.2620780331944725,H,0.4414673352972981,0.25,0.3085326647027018,H,0.48303909788335336,0.23347814030871614,0.2834827618079305,H,1.6379225016868355,1.126923013909841
2022,R45742,2022-11-27,Spain,Germany,1,1,D,0.5283604656489228,0.2469970442055452,0.22464249014553206,H,0.5222415706369721,0.238973192467455,0.2387852368955728,H,0.4664178007893006,0.25,0.2835821992106994,H,0.48303909788335336,0.23347814030871614,0.2834827618079305,H,1.7137736807074202,1.0791769717924369
2022,R45743,2022-11-27,Belgium,Morocco,0,2,A,0.6449436620429396,0.21368298620253254,0.14137335175452778,H,0.6105006814128061,0.21373082873444602,0.17576848985274793,H,0.5356619737704239,0.25,0.2143380262295761,H,0.48303909788335336,0.23347814030871614,0.2834827618079305,H,1.9633538642684465,0.9476020848364092
2022,R45744,2022-11-27,Croatia,Canada,4,1,H,0.5646600141313436,0.23824640145948328,0.19709358440917324,H,0.5487065809180586,0.23239154187409017,0.2189018772078512,H,0.4880325654748243,0.25,0.2619674345251757,H,0.48303909788335336,0.23347814030871614,0.2834827618079305,H,1.7845796960595126,1.038192776868414
2022,R45745,2022-11-28,Cameroon,Serbia,3,3,D,0.19978244343835988,0.24723367081231784,0.5529838857493222,A,0.285062867715447,0.2511220833419109,0.463815048942642,A,0.2512809498832311,0.25,0.4987190501167689,A,0.48303909788335336,0.23347814030871614,0.2834827618079305,H,1.1667762776055206,1.5587170549110154
2022,R45746,2022-11-28,Brazil,Switzerland,1,0,H,0.7466275258356724,0.172023120978681,0.08134935318564668,H,0.6991735272401108,0.17948559258711402,0.121340880172775,H,0.5965037243212834,0.25,0.1534962756787165,H,0.48303909788335336,0.23347814030871614,0.2834827618079305,H,2.2662225763601427,0.8261193413695411
2022,R45747,2022-11-28,South Korea,Ghana,2,3,A,0.6041653125989962,0.22705572087486475,0.16877896652613902,H,0.5784505444554002,0.22396931803820386,0.19758013750639564,H,0.5114721859277953,0.25,0.2385278140722046,H,0.48303909788335336,0.23347814030871614,0.2834827618079305,H,1.8680368930501823,0.9937915793157863
2022,R45748,2022-11-28,Portugal,Uruguay,2,0,H,0.42902648902457347,0.2632075589357751,0.3077659520396516,H,0.45235975939770373,0.25191859574278513,0.295721644859511,H,0.4062852669581148,0.25,0.3437147330418851,H,0.48303909788335336,0.23347814030871614,0.2834827618079305,H,1.5393330124275173,1.1958526215292715
2022,R45749,2022-11-29,Ecuador,Senegal,1,2,A,0.4375768091690764,0.2622757165997432,0.3001474742311805,H,0.4582950239346882,0.25108339771649846,0.29062157834881325,H,0.4115463830671215,0.25,0.3384536169328784,H,0.48303909788335336,0.23347814030871614,0.2834827618079305,H,1.5535504559781197,1.185384493659262
2022,R45750,2022-11-29,Qatar,Netherlands,0,2,A,0.14793904486586418,0.25435494727995905,0.5977060078541767,A,0.24015014359803577,0.25472994228725676,0.5051199141147075,A,0.2286866069969836,0.25,0.5213133930030163,A,0.48303909788335336,0.23347814030871614,0.2834827618079305,H,0.9859912119141667,1.5535326607648225
2022,R45751,2022-11-29,Wales,England,0,3,A,0.13695226176947026,0.22257867166016373,0.640469066570366,A,0.2292356164122687,0.23770830343089824,0.533056080156833,A,0.1992561769534205,0.25,0.5507438230465794,A,0.48303909788335336,0.23347814030871614,0.2834827618079305,H,1.047716526977623,1.7277059177945566
2022,R45752,2022-11-29,Iran,United States,0,1,A,0.43280896768828353,0.26280653697554124,0.30438449533617523,H,0.4549846787608523,0.251555548463058,0.29345977277608964,H,0.4086152040957881,0.25,0.3413847959042118,H,0.48303909788335336,0.23347814030871614,0.2834827618079305,H,1.545608752899948,1.191208647505167
2022,R45753,2022-11-30,Poland,Argentina,0,2,A,0.09350914342883086,0.19562259658053294,0.7108682599906361,A,0.18340999569183736,0.21986912290810723,0.5967208814000553,A,0.1576769797639763,0.25,0.5923230202360237,A,0.48303909788335336,0.23347814030871614,0.2834827618079305,H,0.9482897803690883,1.9005598545305924
2022,R45754,2022-11-30,Saudi Arabia,Mexico,1,2,A,0.17643734172317918,0.23959990191327357,0.5839627563635473,A,0.26533287514992343,0.24730346329004235,0.4873636615600343,A,0.2327811581832237,0.25,0.5172188418167762,A,0.48303909788335336,0.23347814030871614,0.2834827618079305,H,1.1247458388115557,1.6143760037482586
2022,R45755,2022-11-30,Australia,Denmark,1,0,H,0.28320310678744015,0.263619713333437,0.45317717987912287,A,0.34956155119259963,0.2575476830856128,0.39289076572178766,A,0.3119635577251723,0.25,0.4380364422748276,A,0.48303909788335336,0.23347814030871614,0.2834827618079305,H,1.3056505643848446,1.3997829253288845
2022,R45756,2022-11-30,Tunisia,France,1,0,H,0.10371819695520573,0.2029535010512386,0.6933283019935557,A,0.19496213261913703,0.2250342442595542,0.5800036231213087,A,0.1680281891909688,0.25,0.5819718108090313,A,0.48303909788335336,0.23347814030871614,0.2834827618079305,H,0.9736499411537181,1.8531915262797385
2022,R45757,2022-12-01,Japan,Spain,2,1,H,0.1391302283986835,0.22367535900792673,0.6371944125933898,A,0.23133828164257902,0.23836692083702926,0.5302947975203915,A,0.2011937090314849,0.25,0.5488062909685152,A,0.48303909788335336,0.23347814030871614,0.2834827618079305,H,1.0522208046964967,1.7206323762802513
2022,R45758,2022-12-01,Costa Rica,Germany,2,4,A,0.1848203201631187,0.24252517552416356,0.5726545043127178,A,0.27253265524643305,0.24880703117263084,0.47866031358093614,A,0.2395215996713238,0.25,0.5104784003286762,A,0.48303909788335336,0.23347814030871614,0.2834827618079305,H,1.1400773047592128,1.5936082111934815
2022,R45759,2022-12-01,Croatia,Belgium,0,0,D,0.2928001158678151,0.2646047397190123,0.4425951444131726,A,0.3565750967755265,0.2577412186491783,0.3856836845752951,A,0.3185359264881922,0.25,0.4314640735118078,A,0.48303909788335336,0.23347814030871614,0.2834827618079305,H,1.3210005713813773,1.384223804791506
2022,R45760,2022-12-01,Canada,Morocco,1,2,A,0.30609035025373427,0.2657042365307699,0.4282054132154958,A,0.36619415207430717,0.257858436186989,0.37594741173870394,A,0.3275291838369094,0.25,0.4224708161630905,A,0.48303909788335336,0.23347814030871614,0.2834827618079305,H,1.3421626681377845,1.3633443896780408
2022,R45761,2022-12-02,Serbia,Switzerland,2,3,A,0.3426527658074484,0.2672429760952807,0.3901042580972709,A,0.39221179235575754,0.25734975264985505,0.3504384549943874,H,0.3516983938992966,0.25,0.3983016061007033,A,0.48303909788335336,0.23347814030871614,0.2834827618079305,H,1.4001270813233526,1.3093180068160937
2022,R45762,2022-12-02,Cameroon,Brazil,1,0,H,0.028931280281394894,0.1221108497431615,0.8489578699754435,A,0.08766857990434401,0.15340526696713774,0.7589261531285181,A,0.0764134372804547,0.25,0.6735865627195452,A,0.48303909788335336,0.23347814030871614,0.2834827618079305,H,0.718724198706705,2.477442095156198
2022,R45763,2022-12-02,Ghana,Uruguay,0,2,A,0.13015328450375482,0.2190191261495191,0.650827589346726,A,0.22257129406449444,0.2355340270270387,0.541894678908467,A,0.1931302456648702,0.25,0.5568697543351298,A,0.48303909788335336,0.23347814030871614,0.2834827618079305,H,1.0334170090823045,1.7505615461416064
2022,R45764,2022-12-02,South Korea,Portugal,2,1,H,0.19118204924520144,0.24460486726432623,0.5642130834904723,A,0.2779079689227037,0.24984634583847065,0.47224568523882565,A,0.2445622734028228,0.25,0.5054377265971772,A,0.48303909788335336,0.23347814030871614,0.2834827618079305,H,1.1515268721992655,1.5784516972545042
2022,R45765,2022-12-03,Netherlands,United States,3,1,H,0.5662635312367682,0.23782592276435846,0.19591054599887342,H,0.5498929827217517,0.2320760814901254,0.21803093578812283,H,0.4889851404152204,0.25,0.2610148595847795,H,0.48303909788335336,0.23347814030871614,0.2834827618079305,H,1.7878260954363858,1.0363898418837088
2022,R45766,2022-12-03,Argentina,Australia,2,1,H,0.722632467017804,0.18296280175852567,0.0944047312236703,H,0.67683834924067,0.1889033831102475,0.13425826764908264,H,0.5820366448871631,0.25,0.1679633551128368,H,0.48303909788335336,0.23347814030871614,0.2834827618079305,H,2.18336242738566,0.8560775243980495
2022,R45767,2022-12-04,France,Poland,3,1,H,0.6570488467684582,0.2093539329372601,0.13359722029428175,H,0.6203342087357164,0.2103551244735332,0.16931066679075063,H,0.542854477942365,0.25,0.207145522057635,H,0.48303909788335336,0.23347814030871614,0.2834827618079305,H,1.9938762676531228,0.9337249245078132
2022,R45768,2022-12-04,England,Senegal,3,0,H,0.5884498170094192,0.2317149783507236,0.17983520463985722,H,0.566482826837729,0.22748559781137145,0.2060315753508996,H,0.5021529889784668,0.25,0.2478470110215332,H,0.48303909788335336,0.23347814030871614,0.2834827618079305,H,1.8339238387925092,1.0114628381643025
2022,R45769,2022-12-05,Japan,Croatia,1,1,D,0.2961010256225012,0.2649060744717836,0.43899289990571533,A,0.35897384317778774,0.2577863509590276,0.3832398058631846,A,0.3207810084173347,0.25,0.4292189915826652,A,0.48303909788335336,0.23347814030871614,0.2834827618079305,H,1.3262656201792586,1.3789681835818444
2022,R45770,2022-12-05,Brazil,South Korea,4,1,H,0.7569199567360191,0.16711010895059072,0.07596993431339016,H,0.7090836068083002,0.17514067431491698,0.11577571887678298,H,0.6027369161394794,0.25,0.1472630838605205,H,0.48303909788335336,0.23347814030871614,0.2834827618079305,H,2.3047316699071922,0.8129138909753959
2022,R45771,2022-12-06,Morocco,Spain,0,0,D,0.1481889940294065,0.22802267064026063,0.6237883353303328,A,0.23992842910169218,0.24092471598405796,0.5191468549142499,A,0.2091312351765724,0.25,0.5408687648234276,A,0.48303909788335336,0.23347814030871614,0.2834827618079305,H,1.0705918434947985,1.6923855471868086
2022,R45772,2022-12-06,Portugal,Switzerland,6,1,H,0.5019040395684131,0.2524393733288599,0.245656587102727,H,0.5033485988958059,0.24312467492744716,0.253526726176747,H,0.4505761258285021,0.25,0.2994238741714979,H,0.48303909788335336,0.23347814030871614,0.2834827618079305,H,1.6649647530582283,1.1094126539026765
2022,R45773,2022-12-09,Croatia,Brazil,1,1,D,0.11916201451948687,0.21279804348560713,0.668039941994906,A,0.21144678399644162,0.23160109689275243,0.5569521191108058,A,0.1829591559332175,0.25,0.5670408440667826,A,0.48303909788335336,0.23347814030871614,0.2834827618079305,H,1.009451937590382,1.7902857573094124
2022,R45774,2022-12-09,Netherlands,Argentina,2,2,D,0.25204468827077076,0.259239568725387,0.4887157430038422,A,0.3263152821591671,0.25622849543470394,0.417456222406129,A,0.2901146757003922,0.25,0.4598853242996078,A,0.48303909788335336,0.23347814030871614,0.2834827618079305,H,1.2551909339053395,1.4535513082519003
2022,R45776,2022-12-10,Morocco,Portugal,1,0,H,0.19908793857180426,0.24702895026484042,0.5538831111633553,A,0.28448963863093035,0.25102433820197945,0.4644860231670901,A,0.2507423281369592,0.25,0.4992576718630408,A,0.48303909788335336,0.23347814030871614,0.2834827618079305,H,1.1655540250745127,1.5602801811126394
2022,R45777,2022-12-10,England,France,1,2,A,0.3269432246155335,0.2668395997950725,0.406217175589394,A,0.38110182208867605,0.25771121655261375,0.36118696135871003,H,0.3414091526262262,0.25,0.4085908473737738,A,0.48303909788335336,0.23347814030871614,0.2834827618079305,H,1.3752365283939847,1.3319717438492606
2022,R45779,2022-12-13,Argentina,Croatia,3,0,H,0.6252598244181525,0.22037004187724574,0.15437013370460176,H,0.5948361220555051,0.21888252871958835,0.1862813492249068,H,0.5239806711289752,0.25,0.2260193288710248,H,0.48303909788335336,0.23347814030871614,0.2834827618079305,H,1.9160089034048466,0.9699830089677559
2022,R45780,2022-12-14,France,Morocco,2,0,H,0.6221782976656066,0.22137763068904828,0.1564440716453451,H,0.5924177911992412,0.2196528614642359,0.18792934733652264,H,0.5221530321441553,0.25,0.2278469678558447,H,0.48303909788335336,0.23347814030871614,0.2834827618079305,H,1.9088322637639386,0.9734703149271948
2022,R45784,2022-12-17,Croatia,Morocco,2,1,H,0.4769688433236144,0.25683291516685125,0.26619824150953436,H,0.4857694759526629,0.24656291844417155,0.2676676056031655,H,0.4355477098249053,0.25,0.3144522901750947,H,0.48303909788335336,0.23347814030871614,0.2834827618079305,H,1.6207124225409562,1.1383644088686369
2022,R45786,2022-12-18,Argentina,France,3,3,D,0.48028405342084174,0.2562905033667636,0.26342544321239464,H,0.48809626137056983,0.24613182297437117,0.2657719156550591,H,0.4375522089934831,0.25,0.3124477910065169,H,0.48303909788335336,0.23347814030871614,0.2834827618079305,H,1.6265092109108352,1.1344842078723734
